{"cameraMode":{"drawMode":0,"name":"Shaded","section":"Shading Mode"},"sceneLighting":true,"audioPlay":false,"sceneViewState":{"showFog":true,"showMaterialUpdate":false,"showSkybox":true,"showFlares":true,"showImageEffects":true,"showParticleSystems":true},"in2DMode":false,"pivot":{"x":6.174515724182129,"y":-2.092046022415161,"z":0.3526681065559387},"rotation":{"x":0.1424216628074646,"y":0.7191240191459656,"z":-0.15463688969612122,"w":0.662318766117096},"size":12.31117057800293,"orthographic":false}