{"cameraMode":{"drawMode":0,"name":"Shaded","section":"Shading Mode"},"sceneLighting":false,"audioPlay":false,"sceneViewState":{"showFog":true,"showMaterialUpdate":false,"showSkybox":false,"showFlares":true,"showImageEffects":true,"showParticleSystems":true},"in2DMode":false,"pivot":{"x":0.11699999868869782,"y":0.7879999876022339,"z":0.8029999732971191},"rotation":{"x":0.07996614277362824,"y":-0.9198213815689087,"z":0.26202812790870669,"w":0.2809312343597412},"size":3.7327098846435549,"orthographic":false}