{"cameraMode":{"drawMode":0,"name":"Shaded","section":"Shading Mode"},"sceneLighting":false,"audioPlay":false,"sceneViewState":{"showFog":true,"showMaterialUpdate":false,"showSkybox":false,"showFlares":true,"showImageEffects":true,"showParticleSystems":true},"in2DMode":false,"pivot":{"x":-0.003000000026077032,"y":0.10700000077486038,"z":0.4749999940395355},"rotation":{"x":0.0017861369997262955,"y":-0.7949389815330505,"z":0.0024107450153678657,"w":0.606712818145752},"size":2.9628939628601076,"orthographic":false}